{"cameraMode":{"drawMode":0,"name":"Shaded","section":"Shading Mode"},"sceneLighting":true,"audioPlay":false,"sceneViewState":{"m_AlwaysRefresh":false,"showFog":true,"showSkybox":true,"showFlares":true,"showImageEffects":true,"showParticleSystems":true,"showVisualEffectGraphs":true,"m_FxEnabled":true},"in2DMode":false,"pivot":{"x":22.058643341064454,"y":-18.573081970214845,"z":-0.8594439029693604},"rotation":{"x":-0.38168975710868838,"y":-0.6056566834449768,"z":0.40795019268989565,"w":-0.5665532350540161},"size":18.123565673828126,"orthographic":false}